Make,Model,Score,Price,Year,Mileage,Date,Link,Hash
Toyota,Avalon Xl,63.24381348,14995,2008,10031,11/27/2022,https://www.autotrader.com/cars-for-sale/vehicledetails.xhtml?listingId=663754131&maxPrice=15000&city=Provo&state=UT&zip=84601&requestId=1819194850&transmissionCodes=AUT&searchRadius=50&marketExtension=include&maxMileage=45000&isNewSearch=false&showAccelerateBanner=false&sortBy=relevance&numRecords=100&listingTypes=USED&referrer=%2Fcars-for-sale%2Fcars-under-15000%2Fprovo-ut-84601%3FrequestId%3D1819194850%26dma%3D%26transmissionCodes%3DAUT%26searchRadius%3D50%26priceRange%3D%26location%3D%26marketExtension%3Dinclude%26maxMileage%3D45000%26isNewSearch%3Dfalse%26showAccelerateBanner%3Dfalse%26sortBy%3Drelevance%26numRecords%3D100&clickType=listing,129355653
Chevrolet,Spark Lt,60.34687611,11995,2021,18552,11/27/2022,https://www.autotrader.com/cars-for-sale/vehicledetails.xhtml?listingId=664771731&maxPrice=15000&city=Provo&state=UT&zip=84601&requestId=1819194850&transmissionCodes=AUT&searchRadius=50&marketExtension=include&maxMileage=45000&isNewSearch=false&showAccelerateBanner=false&sortBy=relevance&numRecords=25&listingTypes=USED&referrer=%2Fcars-for-sale%2Fcars-under-15000%2Fprovo-ut-84601%3FrequestId%3D1819194850%26dma%3D%26transmissionCodes%3DAUT%26searchRadius%3D50%26priceRange%3D%26location%3D%26marketExtension%3Dinclude%26maxMileage%3D45000%26isNewSearch%3Dfalse%26showAccelerateBanner%3Dfalse%26sortBy%3Drelevance%26numRecords%3D25&clickType=listing,343199928
Ford,Fiesta Se,55.06680935,10900,2014,28000,11/27/2022,https://www.autotrader.com/cars-for-sale/vehicledetails.xhtml?listingId=663194647&maxPrice=15000&city=Provo&state=UT&zip=84601&requestId=1819194850&transmissionCodes=AUT&searchRadius=50&marketExtension=include&maxMileage=45000&isNewSearch=false&showAccelerateBanner=false&sortBy=relevance&numRecords=100&listingTypes=USED&referrer=%2Fcars-for-sale%2Fcars-under-15000%2Fprovo-ut-84601%3FrequestId%3D1819194850%26dma%3D%26transmissionCodes%3DAUT%26searchRadius%3D50%26priceRange%3D%26location%3D%26marketExtension%3Dinclude%26maxMileage%3D45000%26isNewSearch%3Dfalse%26showAccelerateBanner%3Dfalse%26sortBy%3Drelevance%26numRecords%3D100&clickType=listing,230963500
Ford,Fiesta S,53.21453715,13229,2015,26870,11/27/2022,https://www.autotrader.com/cars-for-sale/vehicledetails.xhtml?listingId=661379490&maxPrice=15000&city=Provo&state=UT&zip=84601&requestId=1819194850&transmissionCodes=AUT&searchRadius=50&marketExtension=include&maxMileage=45000&isNewSearch=false&showAccelerateBanner=false&sortBy=relevance&numRecords=25&listingTypes=USED&referrer=%2Fcars-for-sale%2Fcars-under-15000%2Fprovo-ut-84601%3FrequestId%3D1819194850%26dma%3D%26transmissionCodes%3DAUT%26searchRadius%3D50%26priceRange%3D%26location%3D%26marketExtension%3Dinclude%26maxMileage%3D45000%26isNewSearch%3Dfalse%26showAccelerateBanner%3Dfalse%26sortBy%3Drelevance%26numRecords%3D25&clickType=listing,222181296
Nissan,Versa 1.6 Sv,53.10068219,13799,2019,18939,11/27/2022,https://www.autotrader.com/cars-for-sale/vehicledetails.xhtml?listingId=658035694&maxPrice=15000&city=Provo&state=UT&zip=84601&requestId=1819194850&transmissionCodes=AUT&searchRadius=50&marketExtension=include&maxMileage=45000&isNewSearch=false&showAccelerateBanner=false&sortBy=relevance&numRecords=100&listingTypes=USED&referrer=%2Fcars-for-sale%2Fcars-under-15000%2Fprovo-ut-84601%3FrequestId%3D1819194850%26dma%3D%26transmissionCodes%3DAUT%26searchRadius%3D50%26priceRange%3D%26location%3D%26marketExtension%3Dinclude%26maxMileage%3D45000%26isNewSearch%3Dfalse%26showAccelerateBanner%3Dfalse%26sortBy%3Drelevance%26numRecords%3D100&clickType=listing,238203210
Nissan,Altima 2.5 S,52.13404744,2990,2005,21543,11/27/2022,https://www.autotrader.com/cars-for-sale/vehicledetails.xhtml?listingId=664002508&maxPrice=15000&city=Provo&state=UT&zip=84601&requestId=1819194850&transmissionCodes=AUT&searchRadius=50&marketExtension=include&maxMileage=45000&isNewSearch=false&showAccelerateBanner=false&sortBy=relevance&numRecords=100&listingTypes=USED&referrer=%2Fcars-for-sale%2Fcars-under-15000%2Fprovo-ut-84601%3FrequestId%3D1819194850%26dma%3D%26transmissionCodes%3DAUT%26searchRadius%3D50%26priceRange%3D%26location%3D%26marketExtension%3Dinclude%26maxMileage%3D45000%26isNewSearch%3Dfalse%26showAccelerateBanner%3Dfalse%26sortBy%3Drelevance%26numRecords%3D100&clickType=listing,261028050
Mitsubishi,Outlander Sport Es,50.95987857,11995,2017,9927,11/27/2022,https://www.autotrader.com/cars-for-sale/vehicledetails.xhtml?listingId=664736634&maxPrice=15000&city=Provo&state=UT&zip=84601&requestId=1819194850&transmissionCodes=AUT&searchRadius=50&marketExtension=include&maxMileage=45000&isNewSearch=false&showAccelerateBanner=false&sortBy=relevance&numRecords=25&listingTypes=USED&referrer=%2Fcars-for-sale%2Fcars-under-15000%2Fprovo-ut-84601%3FrequestId%3D1819194850%26dma%3D%26transmissionCodes%3DAUT%26searchRadius%3D50%26priceRange%3D%26location%3D%26marketExtension%3Dinclude%26maxMileage%3D45000%26isNewSearch%3Dfalse%26showAccelerateBanner%3Dfalse%26sortBy%3Drelevance%26numRecords%3D25&clickType=listing,211023090
Kia,Soul +,50.47743304,12995,2019,10832,11/27/2022,https://www.autotrader.com/cars-for-sale/vehicledetails.xhtml?listingId=665014013&maxPrice=15000&city=Provo&state=UT&zip=84601&requestId=1819194850&transmissionCodes=AUT&searchRadius=50&marketExtension=include&maxMileage=45000&isNewSearch=false&showAccelerateBanner=false&sortBy=relevance&numRecords=25&listingTypes=USED&referrer=%2Fcars-for-sale%2Fcars-under-15000%2Fprovo-ut-84601%3FrequestId%3D1819194850%26dma%3D%26transmissionCodes%3DAUT%26searchRadius%3D50%26priceRange%3D%26location%3D%26marketExtension%3Dinclude%26maxMileage%3D45000%26isNewSearch%3Dfalse%26showAccelerateBanner%3Dfalse%26sortBy%3Drelevance%26numRecords%3D25&clickType=listing,69507924
Mazda,Mazda3 S Grand Touring,5.508054855,14990,2010,44791,11/27/2022,https://www.autotrader.com/cars-for-sale/vehicledetails.xhtml?listingId=664788222&maxPrice=15000&city=Provo&state=UT&zip=84601&requestId=1819194850&transmissionCodes=AUT&searchRadius=50&marketExtension=include&maxMileage=45000&isNewSearch=false&showAccelerateBanner=false&sortBy=relevance&numRecords=100&listingTypes=USED&referrer=%2Fcars-for-sale%2Fcars-under-15000%2Fprovo-ut-84601%3FrequestId%3D1819194850%26dma%3D%26transmissionCodes%3DAUT%26searchRadius%3D50%26priceRange%3D%26location%3D%26marketExtension%3Dinclude%26maxMileage%3D45000%26isNewSearch%3Dfalse%26showAccelerateBanner%3Dfalse%26sortBy%3Drelevance%26numRecords%3D100&clickType=listing,451798450
Ford,Fiesta Se,47.99254058,10000,2012,32542,11/27/2022,https://www.autotrader.com/cars-for-sale/vehicledetails.xhtml?listingId=664173793&maxPrice=15000&city=Provo&state=UT&zip=84601&requestId=1819194850&transmissionCodes=AUT&searchRadius=50&marketExtension=include&maxMileage=45000&isNewSearch=false&showAccelerateBanner=false&sortBy=relevance&numRecords=100&listingTypes=USED&referrer=%2Fcars-for-sale%2Fcars-under-15000%2Fprovo-ut-84601%3FrequestId%3D1819194850%26dma%3D%26transmissionCodes%3DAUT%26searchRadius%3D50%26priceRange%3D%26location%3D%26marketExtension%3Dinclude%26maxMileage%3D45000%26isNewSearch%3Dfalse%26showAccelerateBanner%3Dfalse%26sortBy%3Drelevance%26numRecords%3D100&clickType=listing,266128016
Not recognized,None,47.27598431,13900,2016,25707,11/27/2022,https://www.autotrader.com/cars-for-sale/vehicledetails.xhtml?listingId=663742696&maxPrice=15000&city=Provo&state=UT&zip=84601&requestId=1819194850&transmissionCodes=AUT&searchRadius=50&marketExtension=include&maxMileage=45000&isNewSearch=false&showAccelerateBanner=false&sortBy=relevance&numRecords=100&listingTypes=USED&referrer=%2Fcars-for-sale%2Fcars-under-15000%2Fprovo-ut-84601%3FrequestId%3D1819194850%26dma%3D%26transmissionCodes%3DAUT%26searchRadius%3D50%26priceRange%3D%26location%3D%26marketExtension%3Dinclude%26maxMileage%3D45000%26isNewSearch%3Dfalse%26showAccelerateBanner%3Dfalse%26sortBy%3Drelevance%26numRecords%3D100&clickType=listing,728167568
Nissan,Versa Note S Plus,46.15747911,12495,2016,23054,11/27/2022,https://www.autotrader.com/cars-for-sale/vehicledetails.xhtml?listingId=662005550&maxPrice=15000&city=Provo&state=UT&zip=84601&requestId=1819194850&transmissionCodes=AUT&searchRadius=50&marketExtension=include&maxMileage=45000&isNewSearch=false&showAccelerateBanner=false&sortBy=relevance&numRecords=100&listingTypes=USED&referrer=%2Fcars-for-sale%2Fcars-under-15000%2Fprovo-ut-84601%3FrequestId%3D1819194850%26dma%3D%26transmissionCodes%3DAUT%26searchRadius%3D50%26priceRange%3D%26location%3D%26marketExtension%3Dinclude%26maxMileage%3D45000%26isNewSearch%3Dfalse%26showAccelerateBanner%3Dfalse%26sortBy%3Drelevance%26numRecords%3D100&clickType=listing,288632274
Nissan,Versa S Plus,43.6818962,13995,2019,25819,11/27/2022,https://www.autotrader.com/cars-for-sale/vehicledetails.xhtml?listingId=650945613&maxPrice=15000&city=Provo&state=UT&zip=84601&requestId=1819194850&transmissionCodes=AUT&searchRadius=50&marketExtension=include&maxMileage=45000&isNewSearch=false&showAccelerateBanner=false&sortBy=relevance&numRecords=100&listingTypes=USED&referrer=%2Fcars-for-sale%2Fcars-under-15000%2Fprovo-ut-84601%3FrequestId%3D1819194850%26dma%3D%26transmissionCodes%3DAUT%26searchRadius%3D50%26priceRange%3D%26location%3D%26marketExtension%3Dinclude%26maxMileage%3D45000%26isNewSearch%3Dfalse%26showAccelerateBanner%3Dfalse%26sortBy%3Drelevance%26numRecords%3D100&clickType=listing,319992786
Toyota,Mirai,41.98872147,13995,2017,36383,11/27/2022,https://www.autotrader.com/cars-for-sale/vehicledetails.xhtml?listingId=660019262&maxPrice=15000&city=Provo&state=UT&zip=84601&requestId=1819194850&transmissionCodes=AUT&searchRadius=50&marketExtension=include&maxMileage=45000&isNewSearch=false&showAccelerateBanner=false&sortBy=relevance&numRecords=100&listingTypes=USED&referrer=%2Fcars-for-sale%2Fcars-under-15000%2Fprovo-ut-84601%3FrequestId%3D1819194850%26dma%3D%26transmissionCodes%3DAUT%26searchRadius%3D50%26priceRange%3D%26location%3D%26marketExtension%3Dinclude%26maxMileage%3D45000%26isNewSearch%3Dfalse%26showAccelerateBanner%3Dfalse%26sortBy%3Drelevance%26numRecords%3D100&clickType=listing,443176041
Hyundai,Elantra Gls,41.04643557,13995,2013,21809,11/27/2022,https://www.autotrader.com/cars-for-sale/vehicledetails.xhtml?listingId=659116936&maxPrice=15000&city=Provo&state=UT&zip=84601&requestId=1819194850&transmissionCodes=AUT&searchRadius=50&marketExtension=include&maxMileage=45000&isNewSearch=false&showAccelerateBanner=false&sortBy=relevance&numRecords=100&listingTypes=USED&referrer=%2Fcars-for-sale%2Fcars-under-15000%2Fprovo-ut-84601%3FrequestId%3D1819194850%26dma%3D%26transmissionCodes%3DAUT%26searchRadius%3D50%26priceRange%3D%26location%3D%26marketExtension%3Dinclude%26maxMileage%3D45000%26isNewSearch%3Dfalse%26showAccelerateBanner%3Dfalse%26sortBy%3Drelevance%26numRecords%3D100&clickType=listing,313622364
Nissan,Rogue Sl,40.24035817,12900,2008,19000,11/27/2022,https://www.autotrader.com/cars-for-sale/vehicledetails.xhtml?listingId=660723085&maxPrice=15000&city=Provo&state=UT&zip=84601&requestId=1819194850&transmissionCodes=AUT&searchRadius=50&marketExtension=include&maxMileage=45000&isNewSearch=false&showAccelerateBanner=false&sortBy=relevance&numRecords=100&listingTypes=USED&referrer=%2Fcars-for-sale%2Fcars-under-15000%2Fprovo-ut-84601%3FrequestId%3D1819194850%26dma%3D%26transmissionCodes%3DAUT%26searchRadius%3D50%26priceRange%3D%26location%3D%26marketExtension%3Dinclude%26maxMileage%3D45000%26isNewSearch%3Dfalse%26showAccelerateBanner%3Dfalse%26sortBy%3Drelevance%26numRecords%3D100&clickType=listing,233040000
Nissan,Versa 1.6 Sv,38.6928034,13799,2019,18939,11/27/2022,https://www.autotrader.com/cars-for-sale/vehicledetails.xhtml?listingId=658035694&maxPrice=15000&city=Provo&state=UT&zip=84601&requestId=1819194850&transmissionCodes=AUT&searchRadius=50&marketExtension=include&maxMileage=45000&isNewSearch=false&showAccelerateBanner=false&sortBy=relevance&numRecords=25&listingTypes=USED&referrer=%2Fcars-for-sale%2Fcars-under-15000%2Fprovo-ut-84601%3FrequestId%3D1819194850%26dma%3D%26transmissionCodes%3DAUT%26searchRadius%3D50%26priceRange%3D%26location%3D%26marketExtension%3Dinclude%26maxMileage%3D45000%26isNewSearch%3Dfalse%26showAccelerateBanner%3Dfalse%26sortBy%3Drelevance%26numRecords%3D25&clickType=listing,235719390
Hyundai,Elantra Sel,37.97851879,13995,2018,29474,11/27/2022,https://www.autotrader.com/cars-for-sale/vehicledetails.xhtml?listingId=663406641&maxPrice=15000&city=Provo&state=UT&zip=84601&requestId=1819194850&transmissionCodes=AUT&searchRadius=50&marketExtension=include&maxMileage=45000&isNewSearch=false&showAccelerateBanner=false&sortBy=relevance&numRecords=100&listingTypes=USED&referrer=%2Fcars-for-sale%2Fcars-under-15000%2Fprovo-ut-84601%3FrequestId%3D1819194850%26dma%3D%26transmissionCodes%3DAUT%26searchRadius%3D50%26priceRange%3D%26location%3D%26marketExtension%3Dinclude%26maxMileage%3D45000%26isNewSearch%3Dfalse%26showAccelerateBanner%3Dfalse%26sortBy%3Drelevance%26numRecords%3D100&clickType=listing,422045689
Chevrolet,Spark Ls,36.91357274,10900,2017,34000,11/27/2022,https://www.autotrader.com/cars-for-sale/vehicledetails.xhtml?listingId=661272120&maxPrice=15000&city=Provo&state=UT&zip=84601&requestId=1819194850&transmissionCodes=AUT&searchRadius=50&marketExtension=include&maxMileage=45000&isNewSearch=false&showAccelerateBanner=false&sortBy=relevance&numRecords=100&listingTypes=USED&referrer=%2Fcars-for-sale%2Fcars-under-15000%2Fprovo-ut-84601%3FrequestId%3D1819194850%26dma%3D%26transmissionCodes%3DAUT%26searchRadius%3D50%26priceRange%3D%26location%3D%26marketExtension%3Dinclude%26maxMileage%3D45000%26isNewSearch%3Dfalse%26showAccelerateBanner%3Dfalse%26sortBy%3Drelevance%26numRecords%3D100&clickType=listing,620341200
Ford,Fusion Sel,36.74374564,14900,2019,41441,11/27/2022,https://www.autotrader.com/cars-for-sale/vehicledetails.xhtml?listingId=654428087&maxPrice=15000&city=Provo&state=UT&zip=84601&requestId=1819194850&transmissionCodes=AUT&searchRadius=50&marketExtension=include&maxMileage=45000&isNewSearch=false&showAccelerateBanner=false&sortBy=relevance&numRecords=100&listingTypes=USED&referrer=%2Fcars-for-sale%2Fcars-under-15000%2Fprovo-ut-84601%3FrequestId%3D1819194850%26dma%3D%26transmissionCodes%3DAUT%26searchRadius%3D50%26priceRange%3D%26location%3D%26marketExtension%3Dinclude%26maxMileage%3D45000%26isNewSearch%3Dfalse%26showAccelerateBanner%3Dfalse%26sortBy%3Drelevance%26numRecords%3D100&clickType=listing,340041516
Chevrolet,Spark Ls,36.45292456,13850,2015,27925,11/27/2022,https://www.autotrader.com/cars-for-sale/vehicledetails.xhtml?listingId=657802312&maxPrice=15000&city=Provo&state=UT&zip=84601&requestId=1819194850&transmissionCodes=AUT&searchRadius=50&marketExtension=include&maxMileage=45000&isNewSearch=false&showAccelerateBanner=false&sortBy=relevance&numRecords=25&listingTypes=USED&referrer=%2Fcars-for-sale%2Fcars-under-15000%2Fprovo-ut-84601%3FrequestId%3D1819194850%26dma%3D%26transmissionCodes%3DAUT%26searchRadius%3D50%26priceRange%3D%26location%3D%26marketExtension%3Dinclude%26maxMileage%3D45000%26isNewSearch%3Dfalse%26showAccelerateBanner%3Dfalse%26sortBy%3Drelevance%26numRecords%3D25&clickType=listing,510408675
Nissan,Versa S Plus,35.73217931,11995,2017,33376,11/27/2022,https://www.autotrader.com/cars-for-sale/vehicledetails.xhtml?listingId=655417055&maxPrice=15000&city=Provo&state=UT&zip=84601&requestId=1819194850&transmissionCodes=AUT&searchRadius=50&marketExtension=include&maxMileage=45000&isNewSearch=false&showAccelerateBanner=false&sortBy=relevance&numRecords=100&listingTypes=USED&referrer=%2Fcars-for-sale%2Fcars-under-15000%2Fprovo-ut-84601%3FrequestId%3D1819194850%26dma%3D%26transmissionCodes%3DAUT%26searchRadius%3D50%26priceRange%3D%26location%3D%26marketExtension%3Dinclude%26maxMileage%3D45000%26isNewSearch%3Dfalse%26showAccelerateBanner%3Dfalse%26sortBy%3Drelevance%26numRecords%3D100&clickType=listing,408954252
Buick,Encore Preferred,34.8538999,13900,2017,31285,11/27/2022,https://www.autotrader.com/cars-for-sale/vehicledetails.xhtml?listingId=660479965&maxPrice=15000&city=Provo&state=UT&zip=84601&requestId=1819194850&transmissionCodes=AUT&searchRadius=50&marketExtension=include&maxMileage=45000&isNewSearch=false&showAccelerateBanner=false&sortBy=relevance&numRecords=100&listingTypes=USED&referrer=%2Fcars-for-sale%2Fcars-under-15000%2Fprovo-ut-84601%3FrequestId%3D1819194850%26dma%3D%26transmissionCodes%3DAUT%26searchRadius%3D50%26priceRange%3D%26location%3D%26marketExtension%3Dinclude%26maxMileage%3D45000%26isNewSearch%3Dfalse%26showAccelerateBanner%3Dfalse%26sortBy%3Drelevance%26numRecords%3D100&clickType=listing,323070825
Chevrolet,Spark Ls,34.10955659,12395,2019,36244,11/27/2022,https://www.autotrader.com/cars-for-sale/vehicledetails.xhtml?listingId=658115536&maxPrice=15000&city=Provo&state=UT&zip=84601&requestId=1819194850&transmissionCodes=AUT&searchRadius=50&marketExtension=include&maxMileage=45000&isNewSearch=false&showAccelerateBanner=false&sortBy=relevance&numRecords=100&listingTypes=USED&referrer=%2Fcars-for-sale%2Fcars-under-15000%2Fprovo-ut-84601%3FrequestId%3D1819194850%26dma%3D%26transmissionCodes%3DAUT%26searchRadius%3D50%26priceRange%3D%26location%3D%26marketExtension%3Dinclude%26maxMileage%3D45000%26isNewSearch%3Dfalse%26showAccelerateBanner%3Dfalse%26sortBy%3Drelevance%26numRecords%3D100&clickType=listing,661961164
Nissan,Juke Sv,32.78654472,13777,2016,32284,11/27/2022,https://www.autotrader.com/cars-for-sale/vehicledetails.xhtml?listingId=657625500&maxPrice=15000&city=Provo&state=UT&zip=84601&requestId=1819194850&transmissionCodes=AUT&searchRadius=50&marketExtension=include&maxMileage=45000&isNewSearch=false&showAccelerateBanner=false&sortBy=relevance&numRecords=100&listingTypes=USED&referrer=%2Fcars-for-sale%2Fcars-under-15000%2Fprovo-ut-84601%3FrequestId%3D1819194850%26dma%3D%26transmissionCodes%3DAUT%26searchRadius%3D50%26priceRange%3D%26location%3D%26marketExtension%3Dinclude%26maxMileage%3D45000%26isNewSearch%3Dfalse%26showAccelerateBanner%3Dfalse%26sortBy%3Drelevance%26numRecords%3D100&clickType=listing,393593312
Nissan,Versa Note S Plus,32.67887709,12495,2016,23054,11/27/2022,https://www.autotrader.com/cars-for-sale/vehicledetails.xhtml?listingId=662005550&maxPrice=15000&city=Provo&state=UT&zip=84601&requestId=1819194850&transmissionCodes=AUT&searchRadius=50&marketExtension=include&maxMileage=45000&isNewSearch=false&showAccelerateBanner=false&sortBy=relevance&numRecords=25&listingTypes=USED&referrer=%2Fcars-for-sale%2Fcars-under-15000%2Fprovo-ut-84601%3FrequestId%3D1819194850%26dma%3D%26transmissionCodes%3DAUT%26searchRadius%3D50%26priceRange%3D%26location%3D%26marketExtension%3Dinclude%26maxMileage%3D45000%26isNewSearch%3Dfalse%26showAccelerateBanner%3Dfalse%26sortBy%3Drelevance%26numRecords%3D25&clickType=listing,285658464
Chevrolet,Spark Lt,32.45141912,14995,2021,35873,11/27/2022,https://www.autotrader.com/cars-for-sale/vehicledetails.xhtml?listingId=658456625&maxPrice=15000&city=Provo&state=UT&zip=84601&requestId=1819194850&transmissionCodes=AUT&searchRadius=50&marketExtension=include&maxMileage=45000&isNewSearch=false&showAccelerateBanner=false&sortBy=relevance&numRecords=100&listingTypes=USED&referrer=%2Fcars-for-sale%2Fcars-under-15000%2Fprovo-ut-84601%3FrequestId%3D1819194850%26dma%3D%26transmissionCodes%3DAUT%26searchRadius%3D50%26priceRange%3D%26location%3D%26marketExtension%3Dinclude%26maxMileage%3D45000%26isNewSearch%3Dfalse%26showAccelerateBanner%3Dfalse%26sortBy%3Drelevance%26numRecords%3D100&clickType=listing,656332717
Mazda,Mazda6 Touring,30.80415141,14995,2016,21015,11/27/2022,https://www.autotrader.com/cars-for-sale/vehicledetails.xhtml?listingId=659311179&maxPrice=15000&city=Provo&state=UT&zip=84601&requestId=1819194850&transmissionCodes=AUT&searchRadius=50&marketExtension=include&maxMileage=45000&isNewSearch=false&showAccelerateBanner=false&sortBy=relevance&numRecords=100&listingTypes=USED&referrer=%2Fcars-for-sale%2Fcars-under-15000%2Fprovo-ut-84601%3FrequestId%3D1819194850%26dma%3D%26transmissionCodes%3DAUT%26searchRadius%3D50%26priceRange%3D%26location%3D%26marketExtension%3Dinclude%26maxMileage%3D45000%26isNewSearch%3Dfalse%26showAccelerateBanner%3Dfalse%26sortBy%3Drelevance%26numRecords%3D100&clickType=listing,218129100
Volkswagen,Passat Tdi Se,29.71660169,14995,2014,31232,11/27/2022,https://www.autotrader.com/cars-for-sale/vehicledetails.xhtml?listingId=661441887&maxPrice=15000&city=Provo&state=UT&zip=84601&requestId=1819194850&transmissionCodes=AUT&searchRadius=50&marketExtension=include&maxMileage=45000&isNewSearch=false&showAccelerateBanner=false&sortBy=relevance&numRecords=100&listingTypes=USED&referrer=%2Fcars-for-sale%2Fcars-under-15000%2Fprovo-ut-84601%3FrequestId%3D1819194850%26dma%3D%26transmissionCodes%3DAUT%26searchRadius%3D50%26priceRange%3D%26location%3D%26marketExtension%3Dinclude%26maxMileage%3D45000%26isNewSearch%3Dfalse%26showAccelerateBanner%3Dfalse%26sortBy%3Drelevance%26numRecords%3D100&clickType=listing,634665595
Chevrolet,Camaro Lt,29.55018108,14995,2015,32411,11/27/2022,https://www.autotrader.com/cars-for-sale/vehicledetails.xhtml?listingId=657853428&maxPrice=15000&city=Provo&state=UT&zip=84601&requestId=1819194850&transmissionCodes=AUT&searchRadius=50&marketExtension=include&maxMileage=45000&isNewSearch=false&showAccelerateBanner=false&sortBy=relevance&numRecords=100&listingTypes=USED&referrer=%2Fcars-for-sale%2Fcars-under-15000%2Fprovo-ut-84601%3FrequestId%3D1819194850%26dma%3D%26transmissionCodes%3DAUT%26searchRadius%3D50%26priceRange%3D%26location%3D%26marketExtension%3Dinclude%26maxMileage%3D45000%26isNewSearch%3Dfalse%26showAccelerateBanner%3Dfalse%26sortBy%3Drelevance%26numRecords%3D100&clickType=listing,591687180
Volkswagen,Jetta Se,29.26991436,14495,2015,33425,11/27/2022,https://www.autotrader.com/cars-for-sale/vehicledetails.xhtml?listingId=655821495&maxPrice=15000&city=Provo&state=UT&zip=84601&requestId=1819194850&transmissionCodes=AUT&searchRadius=50&marketExtension=include&maxMileage=45000&isNewSearch=false&showAccelerateBanner=false&sortBy=relevance&numRecords=100&listingTypes=USED&referrer=%2Fcars-for-sale%2Fcars-under-15000%2Fprovo-ut-84601%3FrequestId%3D1819194850%26dma%3D%26transmissionCodes%3DAUT%26searchRadius%3D50%26priceRange%3D%26location%3D%26marketExtension%3Dinclude%26maxMileage%3D45000%26isNewSearch%3Dfalse%26showAccelerateBanner%3Dfalse%26sortBy%3Drelevance%26numRecords%3D100&clickType=listing,676876590
Kia,Forte Lx,28.15431539,15000,2018,25547,11/27/2022,https://www.autotrader.com/cars-for-sale/vehicledetails.xhtml?listingId=660397359&maxPrice=15000&city=Provo&state=UT&zip=84601&requestId=1819194850&transmissionCodes=AUT&searchRadius=50&marketExtension=include&maxMileage=45000&isNewSearch=false&showAccelerateBanner=false&sortBy=relevance&numRecords=25&listingTypes=USED&referrer=%2Fcars-for-sale%2Fcars-under-15000%2Fprovo-ut-84601%3FrequestId%3D1819194850%26dma%3D%26transmissionCodes%3DAUT%26searchRadius%3D50%26priceRange%3D%26location%3D%26marketExtension%3Dinclude%26maxMileage%3D45000%26isNewSearch%3Dfalse%26showAccelerateBanner%3Dfalse%26sortBy%3Drelevance%26numRecords%3D25&clickType=listing,158021538
Volkswagen,Jetta S,25.85873001,14900,2016,37141,11/27/2022,https://www.autotrader.com/cars-for-sale/vehicledetails.xhtml?listingId=661614678&maxPrice=15000&city=Provo&state=UT&zip=84601&requestId=1819194850&transmissionCodes=AUT&searchRadius=50&marketExtension=include&maxMileage=45000&isNewSearch=false&showAccelerateBanner=false&sortBy=relevance&numRecords=25&listingTypes=USED&referrer=%2Fcars-for-sale%2Fcars-under-15000%2Fprovo-ut-84601%3FrequestId%3D1819194850%26dma%3D%26transmissionCodes%3DAUT%26searchRadius%3D50%26priceRange%3D%26location%3D%26marketExtension%3Dinclude%26maxMileage%3D45000%26isNewSearch%3Dfalse%26showAccelerateBanner%3Dfalse%26sortBy%3Drelevance%26numRecords%3D25&clickType=listing,751370060
Nissan,Sentra S,25.27185031,14998,2017,38602,11/27/2022,https://www.autotrader.com/cars-for-sale/vehicledetails.xhtml?listingId=665209983&maxPrice=15000&city=Provo&state=UT&zip=84601&requestId=1819194850&transmissionCodes=AUT&searchRadius=50&marketExtension=include&maxMileage=45000&isNewSearch=false&showAccelerateBanner=false&sortBy=relevance&numRecords=100&listingTypes=USED&referrer=%2Fcars-for-sale%2Fcars-under-15000%2Fprovo-ut-84601%3FrequestId%3D1819194850%26dma%3D%26transmissionCodes%3DAUT%26searchRadius%3D50%26priceRange%3D%26location%3D%26marketExtension%3Dinclude%26maxMileage%3D45000%26isNewSearch%3Dfalse%26showAccelerateBanner%3Dfalse%26sortBy%3Drelevance%26numRecords%3D100&clickType=listing,470161004
Chevrolet,Trax Lt,25.04021422,11995,2017,43339,11/27/2022,https://www.autotrader.com/cars-for-sale/vehicledetails.xhtml?listingId=664123759&maxPrice=15000&city=Provo&state=UT&zip=84601&requestId=1819194850&transmissionCodes=AUT&searchRadius=50&marketExtension=include&maxMileage=45000&isNewSearch=false&showAccelerateBanner=false&sortBy=relevance&numRecords=25&listingTypes=USED&referrer=%2Fcars-for-sale%2Fcars-under-15000%2Fprovo-ut-84601%3FrequestId%3D1819194850%26dma%3D%26transmissionCodes%3DAUT%26searchRadius%3D50%26priceRange%3D%26location%3D%26marketExtension%3Dinclude%26maxMileage%3D45000%26isNewSearch%3Dfalse%26showAccelerateBanner%3Dfalse%26sortBy%3Drelevance%26numRecords%3D25&clickType=listing,788831992
Fiat,500 E,24.11611121,12998,2016,30498,11/27/2022,https://www.autotrader.com/cars-for-sale/vehicledetails.xhtml?listingId=663428586&maxPrice=15000&city=Provo&state=UT&zip=84601&requestId=1819194850&transmissionCodes=AUT&searchRadius=50&marketExtension=include&maxMileage=45000&isNewSearch=false&showAccelerateBanner=false&sortBy=relevance&numRecords=25&listingTypes=USED&referrer=%2Fcars-for-sale%2Fcars-under-15000%2Fprovo-ut-84601%3FrequestId%3D1819194850%26dma%3D%26transmissionCodes%3DAUT%26searchRadius%3D50%26priceRange%3D%26location%3D%26marketExtension%3Dinclude%26maxMileage%3D45000%26isNewSearch%3Dfalse%26showAccelerateBanner%3Dfalse%26sortBy%3Drelevance%26numRecords%3D25&clickType=listing,247495632
Kia,Rio S,23.67364059,13495,2019,33274,11/27/2022,https://www.autotrader.com/cars-for-sale/vehicledetails.xhtml?listingId=661586280&maxPrice=15000&city=Provo&state=UT&zip=84601&requestId=1819194850&transmissionCodes=AUT&searchRadius=50&marketExtension=include&maxMileage=45000&isNewSearch=false&showAccelerateBanner=false&sortBy=relevance&numRecords=100&listingTypes=USED&referrer=%2Fcars-for-sale%2Fcars-under-15000%2Fprovo-ut-84601%3FrequestId%3D1819194850%26dma%3D%26transmissionCodes%3DAUT%26searchRadius%3D50%26priceRange%3D%26location%3D%26marketExtension%3Dinclude%26maxMileage%3D45000%26isNewSearch%3Dfalse%26showAccelerateBanner%3Dfalse%26sortBy%3Drelevance%26numRecords%3D100&clickType=listing,203092543
Nissan,Leaf S,23.09933908,13988,2015,40287,11/27/2022,https://www.autotrader.com/cars-for-sale/vehicledetails.xhtml?listingId=660281749&maxPrice=15000&city=Provo&state=UT&zip=84601&requestId=1819194850&transmissionCodes=AUT&searchRadius=50&marketExtension=include&maxMileage=45000&isNewSearch=false&showAccelerateBanner=false&sortBy=relevance&numRecords=100&listingTypes=USED&referrer=%2Fcars-for-sale%2Fcars-under-15000%2Fprovo-ut-84601%3FrequestId%3D1819194850%26dma%3D%26transmissionCodes%3DAUT%26searchRadius%3D50%26priceRange%3D%26location%3D%26marketExtension%3Dinclude%26maxMileage%3D45000%26isNewSearch%3Dfalse%26showAccelerateBanner%3Dfalse%26sortBy%3Drelevance%26numRecords%3D100&clickType=listing,489000174
Nissan,Leaf S,22.91183276,12988,2015,41982,11/27/2022,https://www.autotrader.com/cars-for-sale/vehicledetails.xhtml?listingId=665285845&maxPrice=15000&city=Provo&state=UT&zip=84601&requestId=1819194850&transmissionCodes=AUT&searchRadius=50&marketExtension=include&maxMileage=45000&isNewSearch=false&showAccelerateBanner=false&sortBy=relevance&numRecords=100&listingTypes=USED&referrer=%2Fcars-for-sale%2Fcars-under-15000%2Fprovo-ut-84601%3FrequestId%3D1819194850%26dma%3D%26transmissionCodes%3DAUT%26searchRadius%3D50%26priceRange%3D%26location%3D%26marketExtension%3Dinclude%26maxMileage%3D45000%26isNewSearch%3Dfalse%26showAccelerateBanner%3Dfalse%26sortBy%3Drelevance%26numRecords%3D100&clickType=listing,509276796
Hyundai,Tucson Gls,21.68538909,13995,2014,40740,11/27/2022,https://www.autotrader.com/cars-for-sale/vehicledetails.xhtml?listingId=659523711&maxPrice=15000&city=Provo&state=UT&zip=84601&requestId=1819194850&transmissionCodes=AUT&searchRadius=50&marketExtension=include&maxMileage=45000&isNewSearch=false&showAccelerateBanner=false&sortBy=relevance&numRecords=100&listingTypes=USED&referrer=%2Fcars-for-sale%2Fcars-under-15000%2Fprovo-ut-84601%3FrequestId%3D1819194850%26dma%3D%26transmissionCodes%3DAUT%26searchRadius%3D50%26priceRange%3D%26location%3D%26marketExtension%3Dinclude%26maxMileage%3D45000%26isNewSearch%3Dfalse%26showAccelerateBanner%3Dfalse%26sortBy%3Drelevance%26numRecords%3D100&clickType=listing,577291470
Nissan,Juke Sv,21.29069825,13777,2016,32284,11/27/2022,https://www.autotrader.com/cars-for-sale/vehicledetails.xhtml?listingId=657625500&maxPrice=15000&city=Provo&state=UT&zip=84601&requestId=1819194850&transmissionCodes=AUT&searchRadius=50&marketExtension=include&maxMileage=45000&isNewSearch=false&showAccelerateBanner=false&sortBy=relevance&numRecords=25&listingTypes=USED&referrer=%2Fcars-for-sale%2Fcars-under-15000%2Fprovo-ut-84601%3FrequestId%3D1819194850%26dma%3D%26transmissionCodes%3DAUT%26searchRadius%3D50%26priceRange%3D%26location%3D%26marketExtension%3Dinclude%26maxMileage%3D45000%26isNewSearch%3Dfalse%26showAccelerateBanner%3Dfalse%26sortBy%3Drelevance%26numRecords%3D25&clickType=listing,392532483
Hyundai,Elantra Limited,20.87831442,12552,2013,42747,11/27/2022,https://www.autotrader.com/cars-for-sale/vehicledetails.xhtml?listingId=663271920&maxPrice=15000&city=Provo&state=UT&zip=84601&requestId=1819194850&transmissionCodes=AUT&searchRadius=50&marketExtension=include&maxMileage=45000&isNewSearch=false&showAccelerateBanner=false&sortBy=relevance&numRecords=25&listingTypes=USED&referrer=%2Fcars-for-sale%2Fcars-under-15000%2Fprovo-ut-84601%3FrequestId%3D1819194850%26dma%3D%26transmissionCodes%3DAUT%26searchRadius%3D50%26priceRange%3D%26location%3D%26marketExtension%3Dinclude%26maxMileage%3D45000%26isNewSearch%3Dfalse%26showAccelerateBanner%3Dfalse%26sortBy%3Drelevance%26numRecords%3D25&clickType=listing,606113577
Nissan,Versa,20.70837442,13750,2016,44202,11/27/2022,https://www.autotrader.com/cars-for-sale/vehicledetails.xhtml?listingId=657884741&maxPrice=15000&city=Provo&state=UT&zip=84601&requestId=1819194850&transmissionCodes=AUT&searchRadius=50&marketExtension=include&maxMileage=45000&isNewSearch=false&showAccelerateBanner=false&sortBy=relevance&numRecords=100&listingTypes=USED&referrer=%2Fcars-for-sale%2Fcars-under-15000%2Fprovo-ut-84601%3FrequestId%3D1819194850%26dma%3D%26transmissionCodes%3DAUT%26searchRadius%3D50%26priceRange%3D%26location%3D%26marketExtension%3Dinclude%26maxMileage%3D45000%26isNewSearch%3Dfalse%26showAccelerateBanner%3Dfalse%26sortBy%3Drelevance%26numRecords%3D100&clickType=listing,536042392
Nissan,Leaf Sv,20.49904068,14713,2015,41962,11/27/2022,https://www.autotrader.com/cars-for-sale/vehicledetails.xhtml?listingId=662838356&maxPrice=15000&city=Provo&state=UT&zip=84601&requestId=1819194850&transmissionCodes=AUT&searchRadius=50&marketExtension=include&maxMileage=45000&isNewSearch=false&showAccelerateBanner=false&sortBy=relevance&numRecords=100&listingTypes=USED&referrer=%2Fcars-for-sale%2Fcars-under-15000%2Fprovo-ut-84601%3FrequestId%3D1819194850%26dma%3D%26transmissionCodes%3DAUT%26searchRadius%3D50%26priceRange%3D%26location%3D%26marketExtension%3Dinclude%26maxMileage%3D45000%26isNewSearch%3Dfalse%26showAccelerateBanner%3Dfalse%26sortBy%3Drelevance%26numRecords%3D100&clickType=listing,509380400
Hyundai,Accent Se,20.13430674,14318,2017,44998,11/27/2022,https://www.autotrader.com/cars-for-sale/vehicledetails.xhtml?listingId=659256831&maxPrice=15000&city=Provo&state=UT&zip=84601&requestId=1819194850&transmissionCodes=AUT&searchRadius=50&marketExtension=include&maxMileage=45000&isNewSearch=false&showAccelerateBanner=false&sortBy=relevance&numRecords=100&listingTypes=USED&referrer=%2Fcars-for-sale%2Fcars-under-15000%2Fprovo-ut-84601%3FrequestId%3D1819194850%26dma%3D%26transmissionCodes%3DAUT%26searchRadius%3D50%26priceRange%3D%26location%3D%26marketExtension%3Dinclude%26maxMileage%3D45000%26isNewSearch%3Dfalse%26showAccelerateBanner%3Dfalse%26sortBy%3Drelevance%26numRecords%3D100&clickType=listing,637904002
Mitsubishi,Mirage G4 Es,18.54895129,10400,2017,41388,11/27/2022,https://www.autotrader.com/cars-for-sale/vehicledetails.xhtml?listingId=661980644&maxPrice=15000&city=Provo&state=UT&zip=84601&requestId=1819194850&transmissionCodes=AUT&searchRadius=50&marketExtension=include&maxMileage=45000&isNewSearch=false&showAccelerateBanner=false&sortBy=relevance&numRecords=25&listingTypes=USED&referrer=%2Fcars-for-sale%2Fcars-under-15000%2Fprovo-ut-84601%3FrequestId%3D1819194850%26dma%3D%26transmissionCodes%3DAUT%26searchRadius%3D50%26priceRange%3D%26location%3D%26marketExtension%3Dinclude%26maxMileage%3D45000%26isNewSearch%3Dfalse%26showAccelerateBanner%3Dfalse%26sortBy%3Drelevance%26numRecords%3D25&clickType=listing,837042360
Mazda,Mazda3 Touring,17.26826746,13995,2018,38484,11/27/2022,https://www.autotrader.com/cars-for-sale/vehicledetails.xhtml?listingId=663554059&maxPrice=15000&city=Provo&state=UT&zip=84601&requestId=1819194850&transmissionCodes=AUT&searchRadius=50&marketExtension=include&maxMileage=45000&isNewSearch=false&showAccelerateBanner=false&sortBy=relevance&numRecords=100&listingTypes=USED&referrer=%2Fcars-for-sale%2Fcars-under-15000%2Fprovo-ut-84601%3FrequestId%3D1819194850%26dma%3D%26transmissionCodes%3DAUT%26searchRadius%3D50%26priceRange%3D%26location%3D%26marketExtension%3Dinclude%26maxMileage%3D45000%26isNewSearch%3Dfalse%26showAccelerateBanner%3Dfalse%26sortBy%3Drelevance%26numRecords%3D100&clickType=listing,391634370
Mitsubishi,Mirage Es,17.09353866,13000,2020,42225,11/27/2022,https://www.autotrader.com/cars-for-sale/vehicledetails.xhtml?listingId=650359924&maxPrice=15000&city=Provo&state=UT&zip=84601&requestId=1819194850&transmissionCodes=AUT&searchRadius=50&marketExtension=include&maxMileage=45000&isNewSearch=false&showAccelerateBanner=false&sortBy=relevance&numRecords=25&listingTypes=USED&referrer=%2Fcars-for-sale%2Fcars-under-15000%2Fprovo-ut-84601%3FrequestId%3D1819194850%26dma%3D%26transmissionCodes%3DAUT%26searchRadius%3D50%26priceRange%3D%26location%3D%26marketExtension%3Dinclude%26maxMileage%3D45000%26isNewSearch%3Dfalse%26showAccelerateBanner%3Dfalse%26sortBy%3Drelevance%26numRecords%3D25&clickType=listing,854934000
Volkswagen,Beetle 2.5,16.98236105,13999,2013,44947,11/27/2022,https://www.autotrader.com/cars-for-sale/vehicledetails.xhtml?listingId=661116026&maxPrice=15000&city=Provo&state=UT&zip=84601&requestId=1819194850&transmissionCodes=AUT&searchRadius=50&marketExtension=include&maxMileage=45000&isNewSearch=false&showAccelerateBanner=false&sortBy=relevance&numRecords=25&listingTypes=USED&referrer=%2Fcars-for-sale%2Fcars-under-15000%2Fprovo-ut-84601%3FrequestId%3D1819194850%26dma%3D%26transmissionCodes%3DAUT%26searchRadius%3D50%26priceRange%3D%26location%3D%26marketExtension%3Dinclude%26maxMileage%3D45000%26isNewSearch%3Dfalse%26showAccelerateBanner%3Dfalse%26sortBy%3Drelevance%26numRecords%3D25&clickType=listing,907022950
Kia,Soul,16.40029231,12500,2017,40720,11/27/2022,https://www.autotrader.com/cars-for-sale/vehicledetails.xhtml?listingId=661810684&maxPrice=15000&city=Provo&state=UT&zip=84601&requestId=1819194850&transmissionCodes=AUT&searchRadius=50&marketExtension=include&maxMileage=45000&isNewSearch=false&showAccelerateBanner=false&sortBy=relevance&numRecords=100&listingTypes=USED&referrer=%2Fcars-for-sale%2Fcars-under-15000%2Fprovo-ut-84601%3FrequestId%3D1819194850%26dma%3D%26transmissionCodes%3DAUT%26searchRadius%3D50%26priceRange%3D%26location%3D%26marketExtension%3Dinclude%26maxMileage%3D45000%26isNewSearch%3Dfalse%26showAccelerateBanner%3Dfalse%26sortBy%3Drelevance%26numRecords%3D100&clickType=listing,247196720
Kia,Soul,13.81468049,15000,2019,42164,11/27/2022,https://www.autotrader.com/cars-for-sale/vehicledetails.xhtml?listingId=652957438&maxPrice=15000&city=Provo&state=UT&zip=84601&requestId=1819194850&transmissionCodes=AUT&searchRadius=50&marketExtension=include&maxMileage=45000&isNewSearch=false&showAccelerateBanner=false&sortBy=relevance&numRecords=25&listingTypes=USED&referrer=%2Fcars-for-sale%2Fcars-under-15000%2Fprovo-ut-84601%3FrequestId%3D1819194850%26dma%3D%26transmissionCodes%3DAUT%26searchRadius%3D50%26priceRange%3D%26location%3D%26marketExtension%3Dinclude%26maxMileage%3D45000%26isNewSearch%3Dfalse%26showAccelerateBanner%3Dfalse%26sortBy%3Drelevance%26numRecords%3D25&clickType=listing,256167348
Nissan,Leaf S,13.26433302,13988,2015,40287,11/27/2022,https://www.autotrader.com/cars-for-sale/vehicledetails.xhtml?listingId=660281749&maxPrice=15000&city=Provo&state=UT&zip=84601&requestId=1819194850&transmissionCodes=AUT&searchRadius=50&marketExtension=include&maxMileage=45000&isNewSearch=false&showAccelerateBanner=false&sortBy=relevance&numRecords=25&listingTypes=USED&referrer=%2Fcars-for-sale%2Fcars-under-15000%2Fprovo-ut-84601%3FrequestId%3D1819194850%26dma%3D%26transmissionCodes%3DAUT%26searchRadius%3D50%26priceRange%3D%26location%3D%26marketExtension%3Dinclude%26maxMileage%3D45000%26isNewSearch%3Dfalse%26showAccelerateBanner%3Dfalse%26sortBy%3Drelevance%26numRecords%3D25&clickType=listing,488160894
Nissan,Leaf S,13.11149336,12988,2015,41982,11/27/2022,https://www.autotrader.com/cars-for-sale/vehicledetails.xhtml?listingId=665285845&maxPrice=15000&city=Provo&state=UT&zip=84601&requestId=1819194850&transmissionCodes=AUT&searchRadius=50&marketExtension=include&maxMileage=45000&isNewSearch=false&showAccelerateBanner=false&sortBy=relevance&numRecords=25&listingTypes=USED&referrer=%2Fcars-for-sale%2Fcars-under-15000%2Fprovo-ut-84601%3FrequestId%3D1819194850%26dma%3D%26transmissionCodes%3DAUT%26searchRadius%3D50%26priceRange%3D%26location%3D%26marketExtension%3Dinclude%26maxMileage%3D45000%26isNewSearch%3Dfalse%26showAccelerateBanner%3Dfalse%26sortBy%3Drelevance%26numRecords%3D25&clickType=listing,508575444
Chrysler,200 Lx,12.884527,14998,2015,39258,11/27/2022,https://www.autotrader.com/cars-for-sale/vehicledetails.xhtml?listingId=657102976&maxPrice=15000&city=Provo&state=UT&zip=84601&requestId=1819194850&transmissionCodes=AUT&searchRadius=50&marketExtension=include&maxMileage=45000&isNewSearch=false&showAccelerateBanner=false&sortBy=relevance&numRecords=100&listingTypes=USED&referrer=%2Fcars-for-sale%2Fcars-under-15000%2Fprovo-ut-84601%3FrequestId%3D1819194850%26dma%3D%26transmissionCodes%3DAUT%26searchRadius%3D50%26priceRange%3D%26location%3D%26marketExtension%3Dinclude%26maxMileage%3D45000%26isNewSearch%3Dfalse%26showAccelerateBanner%3Dfalse%26sortBy%3Drelevance%26numRecords%3D100&clickType=listing,633918816
Mazda,Mazda2,12.76037512,14590,2011,35939,11/27/2022,https://www.autotrader.com/cars-for-sale/vehicledetails.xhtml?listingId=665158526&maxPrice=15000&city=Provo&state=UT&zip=84601&requestId=1819194850&transmissionCodes=AUT&searchRadius=50&marketExtension=include&maxMileage=45000&isNewSearch=false&showAccelerateBanner=false&sortBy=relevance&numRecords=100&listingTypes=USED&referrer=%2Fcars-for-sale%2Fcars-under-15000%2Fprovo-ut-84601%3FrequestId%3D1819194850%26dma%3D%26transmissionCodes%3DAUT%26searchRadius%3D50%26priceRange%3D%26location%3D%26marketExtension%3Dinclude%26maxMileage%3D45000%26isNewSearch%3Dfalse%26showAccelerateBanner%3Dfalse%26sortBy%3Drelevance%26numRecords%3D100&clickType=listing,362417125
Fiat,500 E,12.48417215,14118,2017,43141,11/27/2022,https://www.autotrader.com/cars-for-sale/vehicledetails.xhtml?listingId=665290129&maxPrice=15000&city=Provo&state=UT&zip=84601&requestId=1819194850&transmissionCodes=AUT&searchRadius=50&marketExtension=include&maxMileage=45000&isNewSearch=false&showAccelerateBanner=false&sortBy=relevance&numRecords=25&listingTypes=USED&referrer=%2Fcars-for-sale%2Fcars-under-15000%2Fprovo-ut-84601%3FrequestId%3D1819194850%26dma%3D%26transmissionCodes%3DAUT%26searchRadius%3D50%26priceRange%3D%26location%3D%26marketExtension%3Dinclude%26maxMileage%3D45000%26isNewSearch%3Dfalse%26showAccelerateBanner%3Dfalse%26sortBy%3Drelevance%26numRecords%3D25&clickType=listing,348908668
Jeep,Grand Cherokee Laredo,12.46661823,14990,2009,44924,11/27/2022,https://www.autotrader.com/cars-for-sale/vehicledetails.xhtml?listingId=663811406&maxPrice=15000&city=Provo&state=UT&zip=84601&requestId=1819194850&transmissionCodes=AUT&searchRadius=50&marketExtension=include&maxMileage=45000&isNewSearch=false&showAccelerateBanner=false&sortBy=relevance&numRecords=25&listingTypes=USED&referrer=%2Fcars-for-sale%2Fcars-under-15000%2Fprovo-ut-84601%3FrequestId%3D1819194850%26dma%3D%26transmissionCodes%3DAUT%26searchRadius%3D50%26priceRange%3D%26location%3D%26marketExtension%3Dinclude%26maxMileage%3D45000%26isNewSearch%3Dfalse%26showAccelerateBanner%3Dfalse%26sortBy%3Drelevance%26numRecords%3D25&clickType=spotlight,364786744
Fiat,500 E,11.99363265,13318,2016,43960,11/27/2022,https://www.autotrader.com/cars-for-sale/vehicledetails.xhtml?listingId=665100546&maxPrice=15000&city=Provo&state=UT&zip=84601&requestId=1819194850&transmissionCodes=AUT&searchRadius=50&marketExtension=include&maxMileage=45000&isNewSearch=false&showAccelerateBanner=false&sortBy=relevance&numRecords=100&listingTypes=USED&referrer=%2Fcars-for-sale%2Fcars-under-15000%2Fprovo-ut-84601%3FrequestId%3D1819194850%26dma%3D%26transmissionCodes%3DAUT%26searchRadius%3D50%26priceRange%3D%26location%3D%26marketExtension%3Dinclude%26maxMileage%3D45000%26isNewSearch%3Dfalse%26showAccelerateBanner%3Dfalse%26sortBy%3Drelevance%26numRecords%3D100&clickType=listing,355225930
Nissan,Versa,11.32408351,13750,2016,44202,11/27/2022,https://www.autotrader.com/cars-for-sale/vehicledetails.xhtml?listingId=657884741&maxPrice=15000&city=Provo&state=UT&zip=84601&requestId=1819194850&transmissionCodes=AUT&searchRadius=50&marketExtension=include&maxMileage=45000&isNewSearch=false&showAccelerateBanner=false&sortBy=relevance&numRecords=25&listingTypes=USED&referrer=%2Fcars-for-sale%2Fcars-under-15000%2Fprovo-ut-84601%3FrequestId%3D1819194850%26dma%3D%26transmissionCodes%3DAUT%26searchRadius%3D50%26priceRange%3D%26location%3D%26marketExtension%3Dinclude%26maxMileage%3D45000%26isNewSearch%3Dfalse%26showAccelerateBanner%3Dfalse%26sortBy%3Drelevance%26numRecords%3D25&clickType=listing,535423642
Dodge,Charger,11.30102158,14995,2014,40320,11/27/2022,https://www.autotrader.com/cars-for-sale/vehicledetails.xhtml?listingId=662407884&maxPrice=15000&city=Provo&state=UT&zip=84601&requestId=1819194850&transmissionCodes=AUT&searchRadius=50&marketExtension=include&maxMileage=45000&isNewSearch=false&showAccelerateBanner=false&sortBy=relevance&numRecords=100&listingTypes=USED&referrer=%2Fcars-for-sale%2Fcars-under-15000%2Fprovo-ut-84601%3FrequestId%3D1819194850%26dma%3D%26transmissionCodes%3DAUT%26searchRadius%3D50%26priceRange%3D%26location%3D%26marketExtension%3Dinclude%26maxMileage%3D45000%26isNewSearch%3Dfalse%26showAccelerateBanner%3Dfalse%26sortBy%3Drelevance%26numRecords%3D100&clickType=listing,407177015
Nissan,Leaf Sv,11.15514573,14713,2015,41962,11/27/2022,https://www.autotrader.com/cars-for-sale/vehicledetails.xhtml?listingId=662838356&maxPrice=15000&city=Provo&state=UT&zip=84601&requestId=1819194850&transmissionCodes=AUT&searchRadius=50&marketExtension=include&maxMileage=45000&isNewSearch=false&showAccelerateBanner=false&sortBy=relevance&numRecords=25&listingTypes=USED&referrer=%2Fcars-for-sale%2Fcars-under-15000%2Fprovo-ut-84601%3FrequestId%3D1819194850%26dma%3D%26transmissionCodes%3DAUT%26searchRadius%3D50%26priceRange%3D%26location%3D%26marketExtension%3Dinclude%26maxMileage%3D45000%26isNewSearch%3Dfalse%26showAccelerateBanner%3Dfalse%26sortBy%3Drelevance%26numRecords%3D25&clickType=listing,508453481
